1791233321,cognee-obsidian-deploy-api-1,0.15%,606.5MiB / 1GiB
1791233321,cognee-obsidian-deploy-postgres-1,0.47%,128.1MiB / 1GiB
1791233321,cognee-obsidian-deploy-sync-run-8285c7440571,75.43%,133.1MiB / 5GiB
1791233328,cognee-obsidian-deploy-sync-run-8285c7440571,100.19%,641.8MiB / 5GiB
1791233328,cognee-obsidian-deploy-api-1,0.07%,606.9MiB / 1GiB
1791233328,cognee-obsidian-deploy-postgres-1,0.43%,152.8MiB / 1GiB
1791233335,cognee-obsidian-deploy-sync-run-8285c7440571,82.48%,668.5MiB / 5GiB
1791233335,cognee-obsidian-deploy-api-1,0.08%,606.8MiB / 1GiB
1791233335,cognee-obsidian-deploy-postgres-1,26.19%,162MiB / 1GiB
1791233342,cognee-obsidian-deploy-sync-run-8285c7440571,100.13%,897MiB / 5GiB
1791233342,cognee-obsidian-deploy-api-1,0.07%,607MiB / 1GiB
1791233342,cognee-obsidian-deploy-postgres-1,0.10%,163.3MiB / 1GiB
1791233349,cognee-obsidian-deploy-sync-run-8285c7440571,383.76%,2.518GiB / 5GiB
1791233349,cognee-obsidian-deploy-api-1,0.11%,606.8MiB / 1GiB
1791233349,cognee-obsidian-deploy-postgres-1,3.21%,163MiB / 1GiB
1791233356,cognee-obsidian-deploy-sync-run-8285c7440571,371.17%,3.451GiB / 5GiB
1791233356,cognee-obsidian-deploy-api-1,0.10%,606.8MiB / 1GiB
1791233356,cognee-obsidian-deploy-postgres-1,9.68%,168.6MiB / 1GiB
1791233363,cognee-obsidian-deploy-sync-run-8285c7440571,382.63%,2.578GiB / 5GiB
1791233363,cognee-obsidian-deploy-api-1,0.09%,606.8MiB / 1GiB
1791233363,cognee-obsidian-deploy-postgres-1,3.13%,173MiB / 1GiB
1791233370,cognee-obsidian-deploy-sync-run-8285c7440571,364.71%,2.897GiB / 5GiB
1791233370,cognee-obsidian-deploy-api-1,0.10%,606.7MiB / 1GiB
1791233370,cognee-obsidian-deploy-postgres-1,0.39%,175.8MiB / 1GiB
1791233377,cognee-obsidian-deploy-sync-run-8285c7440571,344.61%,2.673GiB / 5GiB
1791233377,cognee-obsidian-deploy-api-1,0.09%,606.7MiB / 1GiB
1791233377,cognee-obsidian-deploy-postgres-1,1.01%,177.9MiB / 1GiB
1791233384,cognee-obsidian-deploy-sync-run-8285c7440571,388.54%,4.31GiB / 5GiB
1791233384,cognee-obsidian-deploy-api-1,0.09%,606.9MiB / 1GiB
1791233384,cognee-obsidian-deploy-postgres-1,2.54%,180MiB / 1GiB
1791233391,cognee-obsidian-deploy-sync-run-8285c7440571,392.03%,2.609GiB / 5GiB
1791233391,cognee-obsidian-deploy-api-1,0.09%,606.7MiB / 1GiB
1791233391,cognee-obsidian-deploy-postgres-1,3.26%,179.6MiB / 1GiB
1791233399,cognee-obsidian-deploy-sync-run-8285c7440571,323.77%,3.107GiB / 5GiB
1791233399,cognee-obsidian-deploy-api-1,0.10%,606.7MiB / 1GiB
1791233399,cognee-obsidian-deploy-postgres-1,3.77%,180MiB / 1GiB
1791233406,cognee-obsidian-deploy-sync-run-8285c7440571,388.16%,2.891GiB / 5GiB
1791233406,cognee-obsidian-deploy-api-1,0.09%,607.7MiB / 1GiB
1791233406,cognee-obsidian-deploy-postgres-1,1.27%,180.9MiB / 1GiB
1791233413,cognee-obsidian-deploy-sync-run-8285c7440571,379.03%,2.788GiB / 5GiB
1791233413,cognee-obsidian-deploy-api-1,0.09%,607.7MiB / 1GiB
1791233413,cognee-obsidian-deploy-postgres-1,3.79%,181.3MiB / 1GiB
1791233420,cognee-obsidian-deploy-sync-run-8285c7440571,250.46%,2.773GiB / 5GiB
1791233420,cognee-obsidian-deploy-api-1,0.09%,607MiB / 1GiB
1791233420,cognee-obsidian-deploy-postgres-1,5.98%,182.2MiB / 1GiB
1791233427,cognee-obsidian-deploy-sync-run-8285c7440571,231.22%,2.78GiB / 5GiB
1791233427,cognee-obsidian-deploy-api-1,0.08%,607MiB / 1GiB
1791233427,cognee-obsidian-deploy-postgres-1,1.29%,182.3MiB / 1GiB
1791233433,cognee-obsidian-deploy-sync-run-8285c7440571,276.13%,2.782GiB / 5GiB
1791233433,cognee-obsidian-deploy-api-1,0.08%,607.6MiB / 1GiB
1791233433,cognee-obsidian-deploy-postgres-1,11.81%,183.6MiB / 1GiB
